<?xml version="1.0" encoding="iso-8859-1"?>
<extension version="3.0" type="plugin" method="upgrade" group="obrss">
	<name>JoomShopping</name>
	<author>Ben Tasker</author>
	<creationDate>Jul 2013</creationDate>
	<copyright>B Tasker</copyright>
	<authorEmail>obrssJShopping@bentasker.co.uk</authorEmail>
	<authorUrl>http://www.bentasker.co.uk</authorUrl>
	<license>GNU/GPL V2, see LICENSE</license>
	<version>1.1</version>
	<description>JoomShopping support plugin for Fooblas ObRSS Component</description>
	<files>
		<filename plugin="joomshopping">joomshopping.php</filename>
		<filename plugin="joomshopping">joomshopping.xml</filename>
	</files>
	

	
	<config>
	    <fields name="default">
	      <fieldset name="basic">
		<field name="categories" type="sql" default="" label="Categories" description="Select categories" multiple="multiple"
		query="SELECT `category_id`, `name_en-GB` FROM #__jshopping_categories ORDER BY `ordering`" key_field="category_id" value_field="name_en-GB" />
		
		<field name="manufacturer" type="sql" default="" label="Manufacturers" description="Select Manufacturers to filter by" multiple="multiple"
		query="SELECT manufacturer_id, `name_en-GB` FROM #__jshopping_manufacturers ORDER BY `ordering`" key_field="manufacturer_id" value_field="name_en-GB" />
		
		<field name="label" type="sql" default="" label="Labels" description="Select Labels to filter by" multiple="multiple"
		query="SELECT `id`,`name` FROM #__jshopping_product_labels" key_field="id" value_field="name" />
		
		<field name="Description" type="list" default="1" label="Description" description="Which description field should be used?">
		  <option value="1">Short Description</option>
		  <option value="0">Full Description</option>
		</field>
		
		<field name="ShowPrice" type="list" default="1" label="Price">
		  <option value="1">Show</option>
		  <option value="0">Hide</option>
		</field>
		
		<field name="SKU" type="list" default="1" label="SKU">
		  <option value="1">Show</option>
		  <option value="0">Hide</option>
		</field>
		
		<field name="ShowManu" type="list" default="1" label="Manufacturer">
		  <option value="1">Show</option>
		  <option value="0">Hide</option>
		</field>
		
		<field name="ViewButton" type="list" default="1" label="View Button">
		  <option value="1">Show</option>
		  <option value="0">Hide</option>
		</field>
		
		<field name="BuyNow" type="list" default="1" label="Buy Now Button">
		  <option value="1">Show</option>
		  <option value="0">Hide</option>
		</field>
		
		<field name="ordering" type="list" default="product_date_added" label="Order By">
		  <option value="product_date_added">Date Added</option>
		  <option value="price">Price</option>
		  <option value="name_en-GB">Name</option>
		  <option value="hits">Hits</option>
		</field>
		
		<field name="orderdir" type="list" default="ASC" label="Sort Direction" >
		  <option value="ASC">Ascending</option>
		  <option value="DESC">Descending</option>
		</field>
		
		</fieldset>
	    </fields>
	</config>
</extension>
